{
  "project_info": {
    "project_number": "123456789012",
    "project_id": "faith-and-grow",
    "storage_bucket": "faith-and-grow.appspot.com"
  },
  "client": [
    {
      "client_info": {
        "mobilesdk_app_id": "1:123456789012:android:abcdef1234567890",
        "android_client_info": {
          "package_name": "com.faithandgrow.app"
        }
      },
      "oauth_client": [],
      "api_key": [
        {
          "current_key": "YOUR-API-KEY-HERE"
        }
      ],
      "services": {
        "appinvite_service": {
          "other_platform_oauth_client": []
        }
      }
    }
  ],
  "configuration_version": "1"
}